0,1,match
jpmorgan chase bank na,jp morgan chase - pac,1
jpmorgan chase bank na,"jp morgan & co, inc pac",1
jpmorgan chase bank na,jp morgan pac,1
jpmorgan chase bank na,"jp morgan chase & co, pac",1
jpmorgan chase bank na,jp morgan chase & co state & fed pac,1
jpmorgan chase bank na,"pac, jp morgan chase & co",1
jpmorgan chase bank na,jp morgan morgan guarantee trust,1
jpmorgan chase bank na,jp morgan chase & co,1
jpmorgan chase bank na,jp morgan chase,1
jpmorgan chase bank na,jp morgan services inc,1
jpmorgan chase bank na,jp morgan chase & company,1
jpmorgan chase bank na,j p morgan chase & co. fund for good government texas,1
jpmorgan chase bank na,jp morgan fleming asset mangement usa inc,1
jpmorgan chase bank na,jp morgan chase inc,1
jpmorgan chase bank na,"jp morgan chase, pac",1
jpmorgan chase bank na,jp morgan chase & co state & federal pac,1
jpmorgan chase bank na,chase bank,1
jpmorgan chase bank na,banc one political action committee,1
jpmorgan chase bank na,jp morgan chase & co state & federal political act,1
jpmorgan chase bank na,jp morgan fleming asset management usa inc,1
jpmorgan chase bank na,"jpmorgan chase & co, pac",1
jpmorgan chase bank na,jp morgan futures inc,1
jpmorgan chase bank na,jp morgan partners llc,1
jpmorgan chase bank na,chase,1
jpmorgan chase bank na,jp morgan & chase pac,1
jpmorgan chase bank na,morgan companies political action comittee,1
jpmorgan chase bank na,jp morgan fleming asset management holdings inc,1
jpmorgan chase bank na,jp morgan chase & comp,1
jpmorgan chase bank na,jp morgan chase & co state & fedl pac,1
jpmorgan chase bank na,jp morgan chase & co political action committee,1
jpmorgan chase bank na,jp morgan chase & copac,1
jpmorgan chase bank na,"jp morgan partners, llc",1
jpmorgan chase bank na,jp morgan & company pac,1
jpmorgan chase bank na,jp morgan chase bank pac,1
jpmorgan chase bank na,jp morgan chase & co - pac,1
jpmorgan chase bank na,"jp morgan chase & co, state & federal pac",1
jpmorgan chase bank na,jp morgan chase & co pac,1
jpmorgan chase bank na,jp morgan chace & co pac,1
jpmorgan chase bank na,jp morgan chase & costate & federal pac,1
jpmorgan chase bank na,jp morgan - chase co pac,1
jpmorgan chase bank na,jp morgan trust company of delaware,1
jpmorgan chase bank na,jp morgan chase & company pac,1
jpmorgan chase bank na,jp morgan chase national corp services inc,1
jpmorgan chase bank na,jp morgan chase co state & federal pac,1
jpmorgan chase bank na,jpmorgan chase & co state amd federal,1
jpmorgan chase bank na,jp morgan & co pac,1
jpmorgan chase bank na,j p morgan chase & co,1
jpmorgan chase bank na,jp morgan morgan gaurantee trust,1
jpmorgan chase bank na,jp morgan chase pac c00003830,1
jpmorgan chase bank na,jpmorgan chase &co pac,1
jpmorgan chase bank na,jp morgan partners,1
jpmorgan chase bank na,"jp morgan chase & co, statefederal pac",1
jpmorgan chase bank na,jp morgan business credit corp,1
jpmorgan chase bank na,jp morgan chase & co pac colo,1
jpmorgan chase bank na,jp morgan state & federal pac,1
jpmorgan chase bank na,jp morgan chase state & federal pac,1
jpmorgan chase bank na,jp morgan chase & co federal pa,1
jpmorgan chase bank na,jpmorgan chase co state & federal pac,1
jpmorgan chase bank na,jp morgan & co,1
jpmorgan chase bank na,j p morgan chase & co statefederal pac,1
jpmorgan chase bank na,jp morgan h & q,1
jpmorgan chase bank na,jp morgana chase & co pac,1
jpmorgan chase bank na,jpmorgan chase bank,1
jpmorgan chase bank na,jpmorgan chase & copac,1
jpmorgan chase bank na,jp morgan cahse & co pac,1
jpmorgan chase bank na,jp morgan chase statefed pac,1
jpmorgan chase bank na,jp morgan investor services co,1
jpmorgan chase bank na,"jp morgan, chase & co, pac",1
jpmorgan chase bank na,jp morgan chase & co st & fed pac,1
jpmorgan chase bank na,jp morgan chase corp,1
jpmorgan chase bank na,jp morgan morgan gaurantee trust c,1
jpmorgan chase bank na,jp morgan treasury technologies corp,1
jpmorgan chase bank na,jp morgan fleming asset management,1
jpmorgan chase bank na,jpmorgan chase pac,1
jpmorgan chase bank na,jp morgan chase & co federal political action committee pac-,1
jpmorgan chase bank na,jp morgan chase co pac,1
jpmorgan chase bank na,jp morgan investment management inc,1
jpmorgan chase bank na,jp morgan chase & comp pac,1
jpmorgan chase bank na,jp morgan chase state & fed pac,1
jpmorgan chase bank na,jp morgan chase pac,1
jpmorgan chase bank na,jp morgan chase &co pac,1
jpmorgan chase bank na,jpmorgan chase & co pac,1
jpmorgan chase bank na,j p morgan chase & co pac,1
jpmorgan chase bank na,"jp morgan chase& co, state & fed pac",1
jpmorgan chase bank na,jp morgan securities,1
jpmorgan chase bank na,jp morgan chase & co- pac,1
jpmorgan chase bank na,jp morgan,1
jpmorgan chase bank na,jp morgan securities inc,1
jpmorgan chase bank na,jp morgan chase securities inc conference,1
jpmorgan chase bank na,jp morgan property exchange inc,1
jpmorgan chase bank na,jp morgan chase national corporate services inc,1
jpmorgan chase bank na,jp morgan chase co - pac,1
jpmorgan chase bank na,jp morgan trust co of delaware,1
jpmorgan chase bank na,jp morgan chase & co pal,1
jpmorgan chase bank na,jp morgan chase bank,1
jpmorgan chase bank na,jp morgan chase 7 co,1
jpmorgan chase bank na,"jp morgan securities, inc",1
investment company institute,investment company institute pac,1
investment company institute,investment management political action cmte of the investment company institute impac,1
investment company institute,investment company institute,1
investment company institute,investment company institute polit,1
motion picture association of america,motion picture association of america,1
motion picture association of america,motion picture assn,1
motion picture association of america,motion picture association of amer,1
motion picture association of america,"motion picture association of america, inc",1
motion picture association of america,motion picture association pac,1
motion picture association of america,motion picture association political action committee,1
motion picture association of america,motion picture association,1
consumer federation of america,consumer federation of america:political action committee,1
united electrical,united electrical radio and machine workers of america u e local 1111 pac,1
international council of shopping centers,international council of shopping centers,1
international council of shopping centers,international council of shopping centers inc political action committee icsc pac,1
international council of shopping centers,intl council of shopping centers p,1
national electrical manufacturers association,nema,1
national electrical manufacturers association,national electrical manufacturers association political action committee nema pac,1
american psychiatric association,american psychiatric association,1
american psychiatric association,american psychiatric association political action committee,1
national organization for the reform of marijuana laws,national organization for the reform of marijuana laws political action committee,1
california medical association,california medical association pac calpac,1
california medical association,california medical association,1
national association of social workers,national association of social workers new york city,1
national association of social workers,national association of social workers pac,1
national association of social workers,"nasw, nyc pace",1
national association of social workers,nasw nyc chapter pace,1
national association of social workers,nyc pac,1
national association of social workers,national association of social worker pac,1
national association of social workers,national association of social workers,1
national association of social workers,new york city chapter of national association of social workers,1
national association of social workers,nyc pace,1
association of american publishers,calpac association of american publishers,1
association of american publishers,"association of american publishers, inc",1
association of american publishers,association of american publishers,1
national association of homebuilders,national association of home builders,1
defenders of wildlife,defenders of wildlife,1
american bankers association,american bankers assn,1
national association of counties,national association of counties,1
united auto workers,united brotherhood of carpenters,1
national education association,national education association nea,1
national education association,national education association,1
national education association,national education association pac,1
national education association,national education association,1
national education association,national education assn,1
monsanto co,monsanto company,1
johnson and johnson,johnson & johnson corporate,1
american medical association,american medical assn,1
screen actors guild,screen actors guild,1
american association of retired persons,american association of retired persons,1
common cause,common cause,1
salt river project agricultural improvement and power district,salt river project pac,1
national association of broadcasters inc,national association of broadcaste,1
national association of broadcasters inc,national association of broadcasters televison & radio political action committee,1
national association of broadcasters inc,national association of broadcasters pac,1
national association of broadcasters inc,national association of broadcasters,1
national association of broadcasters inc,national association of broadcasters television & radio political action committee,1
national association of broadcasters inc,television & radio pac,1
recording industry association of america,"recording industry assoc of america, inc",1
recording industry association of america,recording industry assoc of america,1
recording industry association of america,recording industry assoc of americ,1
recording industry association of america,recording industry assoc of america inc,1
american institute of certified public accountants,american institute of certified public accountants,1
general electric co,general electric,1
american public power association,american public power association public ownership,1
american civil liberties union of illinois,american civil liberties union,1
american civil liberties union of northern california,american civil liberties union,1
american civil liberties union foundation of southern california,american civil liberties union,1
american civil liberties union of colorado,american civil liberties union,1
american civil liberties union,american civil liberties union,1
american civil liberties union of southern california,american civil liberties union,1
american civil liberties union of pennsylvania,american civil liberties union,1
american hotel and lodging association,american hotel & lodging associa,1
securities industries association,securities industries assoc,1
trout unlimited inc,trout unlimited bellevue-issaquah chapte,1
national council of jewish women,national council jewish women austin section,1
national association of manufacturers,national assoc of mfgs suite 1500,1
national association of theater owners,national association of theatre owners of canevada,1
national association for the advancement of colored people,naacp co op city branch,1
friends of the earth,friends of the earth action pac,1
ei dupont de nemours and co,ei du pont de nemours & co,1
edison electric institute,edison electric institute-eei,1
council of state governments,council of state govt,1
council of state governments,council of state government,1
associated general contractors of america,assoc gen contractors of america,1
american telephone and telegraph,american telephone & telegraph,1
americans united for separation of church and state,americans united for separation of church & state,1
american jewish committee,american jewish cmte,1
american jewish congress,american jewis congress st louis region,1
american federation of television and radio artists american federation of labor and congress of industrial organizations,american federation of tv & radio artists,1
american federation of labor and congress of industrial organizations,american federation of labor & c,1
american federation of government employees american federation of labor and congress of industrial organizations,american federation of gov emp,1
american ethical union,"american ethicare, inc",1
american ethical union,american ethicare,1
american association of university professors,american association of university professors,1
american jewish committee,american jewish cmte,1
american medical womens association,american medical womens assn,1
anti-defamation league,anti defamation league,1
anti-defamation league b'nai b'rith,anti defamation league,1
coalition of 100 black women,national coalition of 100 black women,1
family planning association of maine,family planning associates of maine,1
family planning association of maine,family planning association of me,1
family planning association of maine,family planning association of maine inc,1
feminist majority,feminist majority foundation,1
girls incorporated,copy girls inc,1
lutherans concerned north america,lutherans concerned,1
national association for the advancement of colored people legal defense and educational fund inc,national association for the advancement of colored people,1
national bar association,nba,1
national gay and lesbian task force,national gay & lesbian task force,1
national gay and lesbian task force,national gay and lesbian task force inc,1
national gay and lesbian task force,national gay & lesbian task force foundation,1
national gay and lesbian task force,national gay & lesbian task force action fund,1
national gay and lesbian task force,national gay & lesbian task force policy institute,1
national institute for women of color,national institute for,1
national organization for women foundation inc,natl organization for women,1
national organization for women foundation inc,national organization for women,1
national organization for women foundation inc,national organization for wome,1
national organization for women foundation inc,national org for women,1
national organization for women foundation inc,national orgfor women,1
national organization for women foundation inc,national organization for womennow,1
people for the american way fo undation,people for the america way foundation,1
people for the american way fo undation,people for the american way foundation,1
people for the american way fo undation,people for the american way,1
planned parenthood federation of america inc,planned parenthood,1
planned parenthood federation of america inc,"planned parenthood,",1
planned parenthood federation of america inc,planned parenthood federation of america,1
planned parenthood federation of america inc,planned parent hood,1
planned parenthood federation of america inc,planned parenthood federation of america ppfa,1
southern christian leadership conference,southern christian leadership,1
young womens christian association,ywca of the usa,1
young womens christian association,young womens christian assoc,1
young womens christian association of the united states of america,young womens christian assoc,1
young womens christian association of the united states of america,ywca of the usa,1
young womens christian association of the united states of america,ywc corporation,1
northwest grocery association,nw grocery association,1
international union of operating engineers,international unit of operating engineers,1
lumbermens association of texas,lumbermans association of texas,1
bf goodrich company,b f goodrich company,1
telecommunications industry association,telecommunications industry assoc,1
boat people sos,boat people sos inc,1
california association of hospitals and health systems,california association of hospitals & health systems,1
eastern associated coal corp,eastern associated coal,1
national association of insurance brokers,national assoc of insurance broker,1
knights of columbus,knights of columbus 12055,1
aetna life insurance co,aetna insurance co,1
operating engineers union local no 3,operating engineers local no 3,1
pfizer inc,pfzer inc,1
texas association of builders,"texas association of builders,",1
abbott laboratories inc,abbott laboratories,1
augusta chronicle,the augusta chronicle,1
american civil liberties union foundation of san diego and imperial counties,american civil liberties union aclu san diego & imperial counties,1
american civil liberties union of san diego and imperial counties,american civil liberties union aclu san diego & imperial counties,1
pepsi bottling group inc,"the pepsi bottling group, inc",1
qualcomm inc,qual comm inc,1
united artists theater circuit inc,"united artists theatre circuit, inc",1
american occupational therapy association,american occupational therapy association aota,1
vietnam veterans of america,vietnam veterns of america,1
tunica-biloxi tribe of louisiana,tunica biloxi indian tribe of louisiana,1
liberty mutual group,liberty mutual group inc,1
columbia river fishermen's protective union,columbia river fishermens protective union,1
granite construction co,granite constuction,1
sacramento county deputy sheriffs association,sacramento county deputy sheriff s assoc,1
manufacturers hanover trust co,manufacturers hanover corp,1
prairie island indian community,prarie island indian community,1
coca-cola enterprises inc,"coca cola enterprises inc,",1
california rifle and pistol association,california rifle & pistol association,1
salt river valley water users association,salt river valley water users assn pic,1
agua caliente band of cahuilla indians,agua caliente band of cahilla indians,1
american federation of state county and municipal employees,"am federation of state, county & municipal employees",1
national stone sand and gravel association,national stone sand & gravel association,1
howard jarvis taxpayers association,howard jarvis taxpayer assoication,1
pfizer inc,pifizer inc,1
american federation of state county and municipal employees,"american federation of state county & municipal employees pac,",1
naral pro choice oregon,naral pro-choice oreogn,1
amalgamated transit union,amalga transit union,1
virginia manufacturers association,virginia manufactures assoc,1
duquesne light company,duquesne light co,1
black women organized for political action,black women organized for pol action,1
public affairs council,public affairs cons,1
campaign for tobacco-free kids,campaign for tobacco free kids,1
cosmetic toiletry and fragrance association,cosmetic toiletry & fragrance assn,1
national association of independent insurers,national association of independent insurance,1
roadway express inc,roadway express,1
appalachian power co,appalachian power comm,1
agua caliente band of cahuilla indians,agua claiente band of cahuilla indians,1
california cable television association,california cable telecommunications association,1
att services inc,at&t services inc,1
standard insurance company,standard insurance co,1
hoffmann-la roche inc,hoffman-la roche inc,1
national conference of firemen and oilers,national conference of fireman & oilers,1
national council of senior citizens,national council of senior cit inc,1
association of oregon counties,association of oregon faculties,1
american federation of state county and municipal employees,american federation of state county & municipal employees aflci,1
spirit of freedom republican womens club,spirit of freedom republican women,1
dell computer corp,dell computers corp,1
winstar communications inc,winstar communications llc,1
national restaurant association,national resturant association,1
american consulting engineers council,american consulting engineers coun,1
new york med college,new york medical college,1
william morris agency,william morris agency inc,1
national marine manufacturers association,national marine manufacturers assoc,1
national association of letter carriers,p a l national association of letter carriers,1
american college of emergency physicians,amer college of emerg physicians,1
board of trade of the city of chicago,board of trade of city of chicago,1
massachusetts gay and lesbian political caucus,massachusetts gay & lesbian political cmte,1
service employees international union,service employees intnl union,1
american federation of state county and municipal employees,"american federation of state county and municipal employees,",1
american federation of state county and municipal employees,american federation of state county & muni empl,1
california psychiatric association,ca psychiatric association,1
sheet metal workers international association,sheet metal workers international assoc pal,1
national association of mutual insurance companies,national assn of mutual insurance companies,1
amalgamated transit union,amalgamated transit union loca,1
san francisco aids foundation,the san francisco aids foundation,1
cadwalader wickersham  taft,cadwalader wickershan & taft llp,1
national association of chain drug stores,national association of chairug stores,1
reed elsevier inc,reed elsevire inc,1
petroleum marketers association of america inc,petroleum marketers association of america,1
home builders association of south carolina,home builders assoc of south carolina,1
american family association inc,american family association,1
american federation of state county and municipal employees,"american federation of state, county, & municipal employees scc",1
grocery manufacturers association,grocery manufacturers assn,1
united states automotive association,united states automobile association usaa,1
shapiro haber and urmy llp,shapiro haber & urmy llp,1
aphilip randolph institute,a philip randolph inistitute,1
gibson dunn  crutcher,gibson dunn and crutcher llp,1
alaska native health board,alaska native health board inc,1
american college of radiology,american college of radiology radpac,1
united teachers los angeles,united teachers of los angeles,1
united parcel service inc,united parcel services-pac,1
cvs pharmacy inc,cvs pharmacy,1
anheuser-busch co inc,anneuser busch cos inc,1
mcgrawhill companies inc,mcgraw hill companies,1
americas health insurance plans,"america s health insurance plans pac,",1
international brotherhood of electrical workers,international brotherhood of electical workers,1
bristol-myers squibb company,bristol myers squibb comapny,1
wolf popper ross wolf and jones,wolf popper ross wolf & jones,1
king  spalding,"king & spalding,",1
service employees international union,service employees internationa,1
national association of chain drug stores,national association chainug sto,1
california bankers association,california bankers assoc,1
aleman and associates,a aleman & associates,1
califoria teachers association,california teachers assoc,1
institute of scrap recycling industries,institute scrap recycling industries inc,1
consumer healthcare products association,consumer healthcare products assocation,1
pride international inc,pride international llc,1
csx transportation inc,"csx transporation, inc",1
national association of chain drug stores,national assoc of chain drugstores inc,1
cadwalader wickersham  taft,cadwalader wickersham & taft llp,1
national automatic merchandising association,natl automatic merchandising assoc,1
texas instruments inc,texas instrument,1
brady center to prevent gun violence,brady camapign to prevent gun violence,1
northwest grocery association,nw grocery association,1
international union of operating engineers,international unit of operating engineers,1
lumbermens association of texas,lumbermans association of texas,1
bf goodrich company,b f goodrich company,1
telecommunications industry association,telecommunications industry assoc,1
boat people sos,boat people sos inc,1
california association of hospitals and health systems,california association of hospitals & health systems,1
eastern associated coal corp,eastern associated coal,1
national association of insurance brokers,national assoc of insurance broker,1
knights of columbus,knights of columbus 12055,1
aetna life insurance co,aetna insurance co,1
operating engineers union local no 3,operating engineers local no 3,1
pfizer inc,pfzer inc,1
texas association of builders,"texas association of builders,",1
abbott laboratories inc,abbott laboratories,1
augusta chronicle,the augusta chronicle,1
american civil liberties union foundation of san diego and imperial counties,american civil liberties union aclu san diego & imperial counties,1
american civil liberties union of san diego and imperial counties,american civil liberties union aclu san diego & imperial counties,1
pepsi bottling group inc,"the pepsi bottling group, inc",1
qualcomm inc,qual comm inc,1
united artists theater circuit inc,"united artists theatre circuit, inc",1
american occupational therapy association,american occupational therapy association aota,1
vietnam veterans of america,vietnam veterns of america,1
tunica-biloxi tribe of louisiana,tunica biloxi indian tribe of louisiana,1
liberty mutual group,liberty mutual group inc,1
columbia river fishermen's protective union,columbia river fishermens protective union,1
granite construction co,granite constuction,1
sacramento county deputy sheriffs association,sacramento county deputy sheriff s assoc,1
manufacturers hanover trust co,manufacturers hanover corp,1
prairie island indian community,prarie island indian community,1
coca-cola enterprises inc,"coca cola enterprises inc,",1
california rifle and pistol association,california rifle & pistol association,1
salt river valley water users association,salt river valley water users assn pic,1
agua caliente band of cahuilla indians,agua caliente band of cahilla indians,1
american federation of state county and municipal employees,"am federation of state, county & municipal employees",1
national stone sand and gravel association,national stone sand & gravel association,1
howard jarvis taxpayers association,howard jarvis taxpayer assoication,1
pfizer inc,pifizer inc,1
american federation of state county and municipal employees,"american federation of state county & municipal employees pac,",1
naral pro choice oregon,naral pro-choice oreogn,1
amalgamated transit union,amalga transit union,1
virginia manufacturers association,virginia manufactures assoc,1
duquesne light company,duquesne light co,1
black women organized for political action,black women organized for pol action,1
public affairs council,public affairs cons,1
campaign for tobacco-free kids,campaign for tobacco free kids,1
cosmetic toiletry and fragrance association,cosmetic toiletry & fragrance assn,1
national association of independent insurers,national association of independent insurance,1
roadway express inc,roadway express,1
appalachian power co,appalachian power comm,1
agua caliente band of cahuilla indians,agua claiente band of cahuilla indians,1
california cable television association,california cable telecommunications association,1
att services inc,at&t services inc,1
standard insurance company,standard insurance co,1
hoffmann-la roche inc,hoffman-la roche inc,1
national conference of firemen and oilers,national conference of fireman & oilers,1
national council of senior citizens,national council of senior cit inc,1
association of oregon counties,association of oregon faculties,1
american federation of state county and municipal employees,american federation of state county & municipal employees aflci,1
spirit of freedom republican womens club,spirit of freedom republican women,1
dell computer corp,dell computers corp,1
winstar communications inc,winstar communications llc,1
national restaurant association,national resturant association,1
american consulting engineers council,american consulting engineers coun,1
new york med college,new york medical college,1
william morris agency,william morris agency inc,1
national marine manufacturers association,national marine manufacturers assoc,1
national association of letter carriers,p a l national association of letter carriers,1
american college of emergency physicians,amer college of emerg physicians,1
board of trade of the city of chicago,board of trade of city of chicago,1
massachusetts gay and lesbian political caucus,massachusetts gay & lesbian political cmte,1
service employees international union,service employees intnl union,1
american federation of state county and municipal employees,"american federation of state county and municipal employees,",1
american federation of state county and municipal employees,american federation of state county & muni empl,1
california psychiatric association,ca psychiatric association,1
sheet metal workers international association,sheet metal workers international assoc pal,1
national association of mutual insurance companies,national assn of mutual insurance companies,1
amalgamated transit union,amalgamated transit union loca,1
san francisco aids foundation,the san francisco aids foundation,1
cadwalader wickersham  taft,cadwalader wickershan & taft llp,1
national association of chain drug stores,national association of chairug stores,1
reed elsevier inc,reed elsevire inc,1
texas instruments inc,texas instrument,1
brady center to prevent gun violence,brady camapign to prevent gun violence,1
national association of realtors,nevada association of realtors,1
american federation of state county and municipal employees,american federation of state county & municipal employees afl ci,1
georgia real estate investors association inc,ohio real estate investors association,1
maine education association,omaha education association,1
ohio education association,omaha education association,1
illinois beef association,illinois beef assocation pec,1
american land title association,wa land title association,1
illinois society for clinical social work,california society for clinical social work,1
texas association of builders,lv association of builders,1
georgia-pacific co,georgia pacific corp,1
manufactured housing communities of arizona ,manufactured housing communities of arizona,1
american federation of teachers,american federation teachers 2121,1
service employees international union,service employees international union workers,1
american society of anesthesiologists,va society of anesthesioogists,1
policemen's benevolent association local 167,policemens benevolent association local 197,1
horsemen benevolent and protective association,horsemens benevolent protective association,1
american association of nurse anesthetists,colorado association of nurse anesthetists,1
american federation of teachers,american federation of teachers - cope,1
save our wild salmon,save our salmon,1
american association of school administrators,texas association of school administrators,1
communications workers of america,communications workers of americacwa cope,1
motion picture association of america,jp morgan chase - pac,0
salt river project agricultural improvement and power district,"jp morgan & co, inc pac",0
cosmetic toiletry and fragrance association,"jp morgan chase & co, pac",0
sheet metal workers international association,jp morgan morgan guarantee trust,0
national restaurant association,jp morgan chase,0
american association of university professors,jp morgan services inc,0
california cable television association,jp morgan chase & company,0
american federation of state county and municipal employees,j p morgan chase & co. fund for good government texas,0
liberty mutual group,jp morgan fleming asset mangement usa inc,0
united teachers los angeles,jp morgan chase inc,0
bf goodrich company,"jp morgan chase, pac",0
national association of social workers,jp morgan chase & co state & federal pac,0
horsemen benevolent and protective association,banc one political action committee,0
american civil liberties union of san diego and imperial counties,"jpmorgan chase & co, pac",0
national organization for women foundation inc,jp morgan futures inc,0
american college of radiology,jp morgan partners llc,0
duquesne light company,chase,0
american public power association,jp morgan & chase pac,0
william morris agency,jp morgan chase & comp,0
salt river valley water users association,jp morgan chase & co state & fedl pac,0
national association of broadcasters inc,jp morgan chase & co political action committee,0
sacramento county deputy sheriffs association,jp morgan chase & copac,0
national association of realtors,"jp morgan partners, llc",0
howard jarvis taxpayers association,jp morgan chase & co - pac,0
bf goodrich company,"jp morgan chase & co, state & federal pac",0
southern christian leadership conference,jp morgan chase & co pac,0
securities industries association,jp morgan chace & co pac,0
trout unlimited inc,jp morgan chase & costate & federal pac,0
international union of operating engineers,jp morgan - chase co pac,0
american civil liberties union of colorado,jp morgan chase & company pac,0
people for the american way fo undation,jp morgan chase co state & federal pac,0
william morris agency,jpmorgan chase & co state amd federal,0
knights of columbus,jp morgan & co pac,0
national gay and lesbian task force,jp morgan morgan gaurantee trust,0
national association of social workers,jp morgan chase pac c00003830,0
national stone sand and gravel association,jp morgan partners,0
edison electric institute,"jp morgan chase & co, statefederal pac",0
association of american publishers,jp morgan business credit corp,0
investment company institute,jp morgan chase & co pac colo,0
american college of emergency physicians,jp morgan state & federal pac,0
mcgrawhill companies inc,jp morgan chase state & federal pac,0
campaign for tobacco-free kids,jp morgan chase & co federal pa,0
american civil liberties union of southern california,jpmorgan chase co state & federal pac,0
cadwalader wickersham  taft,jp morgan & co,0
national association of social workers,j p morgan chase & co statefederal pac,0
national gay and lesbian task force,jp morgana chase & co pac,0
recording industry association of america,jpmorgan chase bank,0
board of trade of the city of chicago,jpmorgan chase & copac,0
association of oregon counties,jp morgan cahse & co pac,0
young womens christian association,jp morgan chase statefed pac,0
national association of chain drug stores,"jp morgan, chase & co, pac",0
national organization for women foundation inc,jp morgan chase & co st & fed pac,0
motion picture association of america,jp morgan chase corp,0
common cause,jp morgan morgan gaurantee trust c,0
american federation of state county and municipal employees,jp morgan treasury technologies corp,0
american psychiatric association,jp morgan fleming asset management,0
california medical association,jpmorgan chase pac,0
public affairs council,jp morgan chase co pac,0
lutherans concerned north america,jp morgan investment management inc,0
agua caliente band of cahuilla indians,jp morgan chase & comp pac,0
american family association inc,jp morgan chase state & fed pac,0
united auto workers,jp morgan chase pac,0
international council of shopping centers,jpmorgan chase & co pac,0
texas association of builders,j p morgan chase & co pac,0
amalgamated transit union,"jp morgan chase& co, state & fed pac",0
national association of broadcasters inc,jp morgan chase & co- pac,0
american civil liberties union,jp morgan,0
anti-defamation league b'nai b'rith,jp morgan chase securities inc conference,0
national association of social workers,jp morgan property exchange inc,0
csx transportation inc,jp morgan chase national corporate services inc,0
american jewish congress,jp morgan chase co - pac,0
american occupational therapy association,jp morgan trust co of delaware,0
national organization for women foundation inc,jp morgan chase & co pal,0
young womens christian association,jp morgan chase bank,0
communications workers of america,jp morgan chase 7 co,0
vietnam veterans of america,"jp morgan securities, inc",0
jpmorgan chase bank na,investment company institute pac,0
jpmorgan chase bank na,investment management political action cmte of the investment company institute impac,0
jpmorgan chase bank na,investment company institute,0
national association for the advancement of colored people,investment company institute polit,0
jpmorgan chase bank na,motion picture association of america,0
national electrical manufacturers association,motion picture assn,0
jpmorgan chase bank na,motion picture association of amer,0
black women organized for political action,"motion picture association of america, inc",0
recording industry association of america,motion picture association pac,0
amalgamated transit union,motion picture association political action committee,0
prairie island indian community,motion picture association,0
american institute of certified public accountants,consumer federation of america:political action committee,0
american federation of state county and municipal employees,united electrical radio and machine workers of america u e local 1111 pac,0
american federation of state county and municipal employees,international council of shopping centers,0
american civil liberties union foundation of san diego and imperial counties,international council of shopping centers inc political action committee icsc pac,0
jpmorgan chase bank na,intl council of shopping centers p,0
national association of mutual insurance companies,nema,0
jpmorgan chase bank na,national electrical manufacturers association political action committee nema pac,0
jpmorgan chase bank na,american psychiatric association,0
national association of broadcasters inc,american psychiatric association political action committee,0
national association of social workers,national organization for the reform of marijuana laws political action committee,0
california psychiatric association,california medical association pac calpac,0
aleman and associates,california medical association,0
telecommunications industry association,national association of social workers new york city,0
petroleum marketers association of america inc,national association of social workers pac,0
jpmorgan chase bank na,"nasw, nyc pace",0
national association of insurance brokers,nasw nyc chapter pace,0
san francisco aids foundation,nyc pac,0
virginia manufacturers association,national association of social worker pac,0
american medical association,national association of social workers,0
naral pro choice oregon,new york city chapter of national association of social workers,0
motion picture association of america,nyc pace,0
jpmorgan chase bank na,calpac association of american publishers,0
illinois beef association,"association of american publishers, inc",0
roadway express inc,association of american publishers,0
jpmorgan chase bank na,national association of home builders,0
national education association,defenders of wildlife,0
american federation of government employees american federation of labor and congress of industrial organizations,american bankers assn,0
save our wild salmon,national association of counties,0
national council of jewish women,united brotherhood of carpenters,0
salt river valley water users association,national education association,0
american ethical union,national education association pac,0
granite construction co,national education association,0
international council of shopping centers,national education assn,0
reed elsevier inc,monsanto company,0
jpmorgan chase bank na,johnson & johnson corporate,0
knights of columbus,american medical assn,0
jpmorgan chase bank na,screen actors guild,0
cosmetic toiletry and fragrance association,american association of retired persons,0
jpmorgan chase bank na,common cause,0
recording industry association of america,salt river project pac,0
california association of hospitals and health systems,national association of broadcaste,0
association of american publishers,national association of broadcasters televison & radio political action committee,0
califoria teachers association,national association of broadcasters pac,0
granite construction co,national association of broadcasters,0
columbia river fishermen's protective union,national association of broadcasters television & radio political action committee,0
jpmorgan chase bank na,television & radio pac,0
national organization for women foundation inc,"recording industry assoc of america, inc",0
virginia manufacturers association,recording industry assoc of america,0
dell computer corp,recording industry assoc of americ,0
jpmorgan chase bank na,recording industry assoc of america inc,0
american medical womens association,american institute of certified public accountants,0
pfizer inc,general electric,0
spirit of freedom republican womens club,american public power association public ownership,0
augusta chronicle,american civil liberties union,0
jpmorgan chase bank na,american civil liberties union,0
johnson and johnson,american civil liberties union,0
motion picture association of america,american civil liberties union,0
national automatic merchandising association,american civil liberties union,0
united parcel service inc,american hotel & lodging associa,0
jpmorgan chase bank na,securities industries assoc,0
ohio education association,trout unlimited bellevue-issaquah chapte,0
cadwalader wickersham  taft,national council jewish women austin section,0
jpmorgan chase bank na,national assoc of mfgs suite 1500,0
national association of social workers,national association of theatre owners of canevada,0
lumbermens association of texas,naacp co op city branch,0
standard insurance company,friends of the earth action pac,0
jpmorgan chase bank na,ei du pont de nemours & co,0
national gay and lesbian task force,edison electric institute-eei,0
national association of social workers,council of state govt,0
national association of insurance brokers,council of state government,0
monsanto co,assoc gen contractors of america,0
massachusetts gay and lesbian political caucus,american telephone & telegraph,0
national association of counties,americans united for separation of church & state,0
american civil liberties union of northern california,american jewish cmte,0
pfizer inc,american jewis congress st louis region,0
consumer federation of america,american federation of tv & radio artists,0
service employees international union,american federation of labor & c,0
national organization for women foundation inc,american federation of gov emp,0
national marine manufacturers association,"american ethicare, inc",0
national gay and lesbian task force,american ethicare,0
sheet metal workers international association,american association of university professors,0
hoffmann-la roche inc,american jewish cmte,0
jpmorgan chase bank na,american medical womens assn,0
northwest grocery association,anti defamation league,0
national council of senior citizens,anti defamation league,0
united electrical,national coalition of 100 black women,0
agua caliente band of cahuilla indians,family planning associates of maine,0
boat people sos,family planning association of me,0
service employees international union,family planning association of maine inc,0
national association of mutual insurance companies,feminist majority foundation,0
american federation of state county and municipal employees,copy girls inc,0
defenders of wildlife,lutherans concerned,0
howard jarvis taxpayers association,national association for the advancement of colored people,0
amalgamated transit union,nba,0
national bar association,national gay & lesbian task force,0
california cable television association,national gay and lesbian task force inc,0
american civil liberties union of san diego and imperial counties,national gay & lesbian task force foundation,0
jpmorgan chase bank na,national gay & lesbian task force action fund,0
coca-cola enterprises inc,national gay & lesbian task force policy institute,0
young womens christian association of the united states of america,national institute for,0
pfizer inc,natl organization for women,0
jpmorgan chase bank na,national organization for women,0
jpmorgan chase bank na,national organization for wome,0
american federation of teachers,national org for women,0
general electric co,national orgfor women,0
american association of retired persons,national organization for womennow,0
prairie island indian community,people for the america way foundation,0
american society of anesthesiologists,people for the american way foundation,0
national education association,people for the american way,0
hoffmann-la roche inc,planned parenthood,0
manufacturers hanover trust co,"planned parenthood,",0
jpmorgan chase bank na,planned parenthood federation of america,0
eastern associated coal corp,planned parent hood,0
national association of chain drug stores,planned parenthood federation of america ppfa,0
girls incorporated,southern christian leadership,0
california rifle and pistol association,ywca of the usa,0
jpmorgan chase bank na,young womens christian assoc,0
american jewish committee,young womens christian assoc,0
sacramento county deputy sheriffs association,ywca of the usa,0
pfizer inc,ywc corporation,0
american federation of state county and municipal employees,nw grocery association,0
shapiro haber and urmy llp,international unit of operating engineers,0
american bankers association,lumbermans association of texas,0
northwest grocery association,b f goodrich company,0
jpmorgan chase bank na,telecommunications industry assoc,0
national council of senior citizens,boat people sos inc,0
campaign for tobacco-free kids,california association of hospitals & health systems,0
jpmorgan chase bank na,eastern associated coal,0
columbia river fishermen's protective union,national assoc of insurance broker,0
american hotel and lodging association,knights of columbus 12055,0
jpmorgan chase bank na,aetna insurance co,0
qualcomm inc,operating engineers local no 3,0
jpmorgan chase bank na,pfzer inc,0
standard insurance company,"texas association of builders,",0
consumer healthcare products association,abbott laboratories,0
investment company institute,the augusta chronicle,0
amalgamated transit union,american civil liberties union aclu san diego & imperial counties,0
jpmorgan chase bank na,american civil liberties union aclu san diego & imperial counties,0
association of oregon counties,"the pepsi bottling group, inc",0
att services inc,qual comm inc,0
planned parenthood federation of america inc,"united artists theatre circuit, inc",0
california rifle and pistol association,american occupational therapy association aota,0
american federation of state county and municipal employees,vietnam veterns of america,0
jpmorgan chase bank na,tunica biloxi indian tribe of louisiana,0
american consulting engineers council,liberty mutual group inc,0
texas association of builders,columbia river fishermens protective union,0
national conference of firemen and oilers,granite constuction,0
national association of letter carriers,sacramento county deputy sheriff s assoc,0
anheuser-busch co inc,manufacturers hanover corp,0
jpmorgan chase bank na,prarie island indian community,0
jpmorgan chase bank na,"coca cola enterprises inc,",0
jpmorgan chase bank na,california rifle & pistol association,0
national association of theater owners,salt river valley water users assn pic,0
planned parenthood federation of america inc,agua caliente band of cahilla indians,0
united artists theater circuit inc,"am federation of state, county & municipal employees",0
national association of broadcasters inc,national stone sand & gravel association,0
winstar communications inc,howard jarvis taxpayer assoication,0
jpmorgan chase bank na,pifizer inc,0
san francisco aids foundation,"american federation of state county & municipal employees pac,",0
association of american publishers,naral pro-choice oreogn,0
jpmorgan chase bank na,amalga transit union,0
national education association,virginia manufactures assoc,0
brady center to prevent gun violence,duquesne light co,0
california psychiatric association,black women organized for pol action,0
americans united for separation of church and state,public affairs cons,0
national gay and lesbian task force,campaign for tobacco free kids,0
tunica-biloxi tribe of louisiana,cosmetic toiletry & fragrance assn,0
cadwalader wickersham  taft,national association of independent insurance,0
tunica-biloxi tribe of louisiana,roadway express,0
jpmorgan chase bank na,appalachian power comm,0
public affairs council,agua claiente band of cahuilla indians,0
boat people sos,california cable telecommunications association,0
aetna life insurance co,at&t services inc,0
duquesne light company,standard insurance co,0
appalachian power co,hoffman-la roche inc,0
jpmorgan chase bank na,national conference of fireman & oilers,0
family planning association of maine,national council of senior cit inc,0
international brotherhood of electrical workers,association of oregon faculties,0
jpmorgan chase bank na,spirit of freedom republican women,0
jpmorgan chase bank na,dell computers corp,0
jpmorgan chase bank na,winstar communications llc,0
reed elsevier inc,national resturant association,0
institute of scrap recycling industries,american consulting engineers coun,0
pepsi bottling group inc,new york medical college,0
national education association,william morris agency inc,0
aphilip randolph institute,national marine manufacturers assoc,0
winstar communications inc,p a l national association of letter carriers,0
jpmorgan chase bank na,amer college of emerg physicians,0
american federation of state county and municipal employees,board of trade of city of chicago,0
young womens christian association of the united states of america,massachusetts gay & lesbian political cmte,0
jpmorgan chase bank na,service employees intnl union,0
california bankers association,"american federation of state county and municipal employees,",0
american federation of labor and congress of industrial organizations,american federation of state county & muni empl,0
abbott laboratories inc,ca psychiatric association,0
king  spalding,sheet metal workers international assoc pal,0
cvs pharmacy inc,national assn of mutual insurance companies,0
service employees international union,amalgamated transit union loca,0
planned parenthood federation of america inc,the san francisco aids foundation,0
jpmorgan chase bank na,cadwalader wickershan & taft llp,0
national association of social workers,national association of chairug stores,0
national association of broadcasters inc,reed elsevire inc,0
planned parenthood federation of america inc,petroleum marketers association of america,0
coca-cola enterprises inc,home builders assoc of south carolina,0
american psychiatric association,american family association,0
people for the american way fo undation,"american federation of state, county, & municipal employees scc",0
operating engineers union local no 3,grocery manufacturers assn,0
american federation of television and radio artists american federation of labor and congress of industrial organizations,united states automobile association usaa,0
telecommunications industry association,shapiro haber & urmy llp,0
jpmorgan chase bank na,a philip randolph inistitute,0
american college of emergency physicians,gibson dunn and crutcher llp,0
motion picture association of america,alaska native health board inc,0
jpmorgan chase bank na,american college of radiology radpac,0
national association of chain drug stores,united teachers of los angeles,0
national marine manufacturers association,united parcel services-pac,0
american occupational therapy association,cvs pharmacy,0
texas instruments inc,anneuser busch cos inc,0
brady center to prevent gun violence,mcgraw hill companies,0
att services inc,"america s health insurance plans pac,",0
jpmorgan chase bank na,international brotherhood of electical workers,0
aetna life insurance co,bristol myers squibb comapny,0
national electrical manufacturers association,wolf popper ross wolf & jones,0
jpmorgan chase bank na,"king & spalding,",0
jpmorgan chase bank na,service employees internationa,0
grocery manufacturers association,national association chainug sto,0
ei dupont de nemours and co,california bankers assoc,0
american jewish committee,a aleman & associates,0
feminist majority,california teachers assoc,0
bristol-myers squibb company,institute scrap recycling industries inc,0
texas instruments inc,consumer healthcare products assocation,0
jpmorgan chase bank na,pride international llc,0
qualcomm inc,"csx transporation, inc",0
national organization for the reform of marijuana laws,national assoc of chain drugstores inc,0
american civil liberties union foundation of southern california,cadwalader wickersham & taft llp,0
maine education association,natl automatic merchandising assoc,0
appalachian power co,texas instrument,0
vietnam veterans of america,brady camapign to prevent gun violence,0
spirit of freedom republican womens club,nw grocery association,0
georgia-pacific co,international unit of operating engineers,0
national association of homebuilders,lumbermans association of texas,0
council of state governments,b f goodrich company,0
coalition of 100 black women,telecommunications industry assoc,0
jpmorgan chase bank na,boat people sos inc,0
american federation of state county and municipal employees,california association of hospitals & health systems,0
national conference of firemen and oilers,eastern associated coal,0
liberty mutual group,national assoc of insurance broker,0
national association of independent insurers,knights of columbus 12055,0
american federation of teachers,operating engineers local no 3,0
texas association of builders,pfzer inc,0
council of state governments,"texas association of builders,",0
agua caliente band of cahuilla indians,abbott laboratories,0
jpmorgan chase bank na,the augusta chronicle,0
pepsi bottling group inc,american civil liberties union aclu san diego & imperial counties,0
young womens christian association of the united states of america,american civil liberties union aclu san diego & imperial counties,0
national restaurant association,"the pepsi bottling group, inc",0
gibson dunn  crutcher,qual comm inc,0
motion picture association of america,"united artists theatre circuit, inc",0
investment company institute,american occupational therapy association aota,0
operating engineers union local no 3,vietnam veterns of america,0
associated general contractors of america,liberty mutual group inc,0
people for the american way fo undation,columbia river fishermens protective union,0
jpmorgan chase bank na,granite constuction,0
california medical association,sacramento county deputy sheriff s assoc,0
american consulting engineers council,manufacturers hanover corp,0
united states automotive association,prarie island indian community,0
anti-defamation league,california rifle & pistol association,0
motion picture association of america,salt river valley water users assn pic,0
jpmorgan chase bank na,agua caliente band of cahilla indians,0
national association of social workers,"am federation of state, county & municipal employees",0
family planning association of maine,national stone sand & gravel association,0
lumbermens association of texas,howard jarvis taxpayer assoication,0
international council of shopping centers,"american federation of state county & municipal employees pac,",0
national association of independent insurers,naral pro-choice oreogn,0
agua caliente band of cahuilla indians,amalga transit union,0
jpmorgan chase bank na,virginia manufactures assoc,0
jpmorgan chase bank na,duquesne light co,0
american federation of state county and municipal employees,black women organized for pol action,0
california association of hospitals and health systems,public affairs cons,0
abbott laboratories inc,campaign for tobacco free kids,0
american civil liberties union foundation of san diego and imperial counties,cosmetic toiletry & fragrance assn,0
service employees international union,national association of independent insurance,0
american association of nurse anesthetists,roadway express,0
national institute for women of color,appalachian power comm,0
jpmorgan chase bank na,agua claiente band of cahuilla indians,0
manufacturers hanover trust co,california cable telecommunications association,0
american telephone and telegraph,at&t services inc,0
jpmorgan chase bank na,standard insurance co,0
jpmorgan chase bank na,hoffman-la roche inc,0
recording industry association of america,national conference of fireman & oilers,0
jpmorgan chase bank na,national council of senior cit inc,0
american ethical union,association of oregon faculties,0
jpmorgan chase bank na,american federation of state county & municipal employees aflci,0
new york med college,spirit of freedom republican women,0
national association of letter carriers,dell computers corp,0
georgia real estate investors association inc,national resturant association,0
american federation of state county and municipal employees,american consulting engineers coun,0
screen actors guild,new york medical college,0
jpmorgan chase bank na,william morris agency inc,0
massachusetts gay and lesbian political caucus,national marine manufacturers assoc,0
jpmorgan chase bank na,p a l national association of letter carriers,0
international union of operating engineers,amer college of emerg physicians,0
pride international inc,board of trade of city of chicago,0
jpmorgan chase bank na,massachusetts gay & lesbian political cmte,0
dell computer corp,service employees intnl union,0
national association for the advancement of colored people legal defense and educational fund inc,"american federation of state county and municipal employees,",0
jpmorgan chase bank na,american federation of state county & muni empl,0
eastern associated coal corp,ca psychiatric association,0
national association of broadcasters inc,sheet metal workers international assoc pal,0
manufactured housing communities of arizona ,national assn of mutual insurance companies,0
augusta chronicle,amalgamated transit union loca,0
naral pro choice oregon,the san francisco aids foundation,0
illinois society for clinical social work,cadwalader wickershan & taft llp,0
roadway express inc,national association of chairug stores,0
board of trade of the city of chicago,reed elsevire inc,0
american land title association,texas instrument,0
united artists theater circuit inc,brady camapign to prevent gun violence,0
wolf popper ross wolf and jones,nevada association of realtors,0
jpmorgan chase bank na,american federation of state county & municipal employees afl ci,0
americas health insurance plans,ohio real estate investors association,0
home builders association of south carolina,omaha education association,0
jpmorgan chase bank na,omaha education association,0
jpmorgan chase bank na,illinois beef assocation pec,0
jpmorgan chase bank na,wa land title association,0
national association of manufacturers,california society for clinical social work,0
friends of the earth,lv association of builders,0
policemen's benevolent association local 167,georgia pacific corp,0
new york med college,manufactured housing communities of arizona,0
american association of school administrators,american federation teachers 2121,0
family planning association of maine,service employees international union workers,0
national association of chain drug stores,va society of anesthesioogists,0
alaska native health board,policemens benevolent association local 197,0
american civil liberties union of pennsylvania,horsemens benevolent protective association,0
national stone sand and gravel association,colorado association of nurse anesthetists,0
black women organized for political action,american federation of teachers - cope,0
planned parenthood federation of america inc,save our salmon,0
investment company institute,texas association of school administrators,0
national organization for women foundation inc,communications workers of americacwa cope,0
national association of social workers,jp morgan chase - pac,0
associated general contractors of america,jp morgan pac,0
american consulting engineers council,jp morgan chase & co state & fed pac,0
pfizer inc,"pac, jp morgan chase & co",0
service employees international union,jp morgan chase & co,0
family planning association of maine,jp morgan chase,0
national marine manufacturers association,jp morgan services inc,0
american jewish committee,jp morgan chase & company,0
vietnam veterans of america,j p morgan chase & co. fund for good government texas,0
campaign for tobacco-free kids,jp morgan fleming asset mangement usa inc,0
national association of insurance brokers,"jp morgan chase, pac",0
motion picture association of america,jp morgan chase & co state & federal pac,0
national council of senior citizens,chase bank,0
recording industry association of america,banc one political action committee,0
council of state governments,jp morgan chase & co state & federal political act,0
pfizer inc,jp morgan fleming asset management usa inc,0
national association of manufacturers,"jpmorgan chase & co, pac",0
national association of social workers,jp morgan futures inc,0
massachusetts gay and lesbian political caucus,jp morgan partners llc,0
johnson and johnson,jp morgan & chase pac,0
mcgrawhill companies inc,morgan companies political action comittee,0
manufacturers hanover trust co,jp morgan fleming asset management holdings inc,0
public affairs council,jp morgan chase & comp,0
csx transportation inc,jp morgan chase & co state & fedl pac,0
monsanto co,jp morgan chase & co political action committee,0
abbott laboratories inc,jp morgan chase & copac,0
american civil liberties union of illinois,"jp morgan partners, llc",0
investment company institute,jp morgan & company pac,0
national association of letter carriers,jp morgan chase & co - pac,0
screen actors guild,"jp morgan chase & co, state & federal pac",0
eastern associated coal corp,jp morgan chase & co pac,0
national gay and lesbian task force,jp morgan chace & co pac,0
ei dupont de nemours and co,jp morgan chase & costate & federal pac,0
family planning association of maine,jp morgan - chase co pac,0
council of state governments,jp morgan chase & company pac,0
american hotel and lodging association,jp morgan chase national corp services inc,0
national association of social workers,jp morgan chase co state & federal pac,0
sacramento county deputy sheriffs association,jpmorgan chase & co state amd federal,0
american civil liberties union of san diego and imperial counties,jp morgan & co pac,0
qualcomm inc,j p morgan chase & co,0
national association of realtors,jp morgan morgan gaurantee trust,0
spirit of freedom republican womens club,jp morgan chase pac c00003830,0
american civil liberties union,jpmorgan chase &co pac,0
spirit of freedom republican womens club,jp morgan partners,0
board of trade of the city of chicago,"jp morgan chase & co, statefederal pac",0
national association of social workers,jp morgan business credit corp,0
american association of university professors,jp morgan chase & co pac colo,0
dell computer corp,jp morgan state & federal pac,0
national association of chain drug stores,jp morgan chase state & federal pac,0
hoffmann-la roche inc,jp morgan chase & co federal pa,0
service employees international union,jpmorgan chase co state & federal pac,0
national education association,jp morgan & co,0
securities industries association,j p morgan chase & co statefederal pac,0
national electrical manufacturers association,jp morgan h & q,0
american federation of state county and municipal employees,jp morgana chase & co pac,0
international council of shopping centers,jpmorgan chase bank,0
hoffmann-la roche inc,jpmorgan chase & copac,0
naral pro choice oregon,jp morgan cahse & co pac,0
national restaurant association,jp morgan chase statefed pac,0
united states automotive association,jp morgan investor services co,0
salt river project agricultural improvement and power district,"jp morgan, chase & co, pac",0
investment company institute,jp morgan chase & co st & fed pac,0
national stone sand and gravel association,jp morgan morgan gaurantee trust c,0
national bar association,jp morgan treasury technologies corp,0
lutherans concerned north america,jp morgan fleming asset management,0
califoria teachers association,jp morgan chase & co federal political action committee pac-,0
granite construction co,jp morgan chase co pac,0
cosmetic toiletry and fragrance association,jp morgan investment management inc,0
national education association,jp morgan chase & comp pac,0
augusta chronicle,jp morgan chase state & fed pac,0
telecommunications industry association,jp morgan chase pac,0
att services inc,jp morgan chase &co pac,0
black women organized for political action,jpmorgan chase & co pac,0
bristol-myers squibb company,j p morgan chase & co pac,0
american jewish committee,jp morgan securities,0
abbott laboratories inc,jp morgan chase & co- pac,0
california cable television association,jp morgan,0
service employees international union,jp morgan securities inc,0
american civil liberties union foundation of san diego and imperial counties,jp morgan chase securities inc conference,0
agua caliente band of cahuilla indians,jp morgan property exchange inc,0
national organization for women foundation inc,jp morgan chase national corporate services inc,0
national association for the advancement of colored people legal defense and educational fund inc,jp morgan chase co - pac,0
international council of shopping centers,jp morgan trust co of delaware,0
general electric co,jp morgan chase & co pal,0
operating engineers union local no 3,jp morgan chase bank,0
national organization for women foundation inc,jp morgan chase 7 co,0
american civil liberties union of colorado,"jp morgan securities, inc",0
service employees international union,investment company institute pac,0
american federation of state county and municipal employees,investment management political action cmte of the investment company institute impac,0
international union of operating engineers,investment company institute,0
jpmorgan chase bank na,investment company institute polit,0
american civil liberties union of northern california,motion picture association of america,0
national gay and lesbian task force,motion picture assn,0
family planning association of maine,motion picture association of amer,0
brady center to prevent gun violence,"motion picture association of america, inc",0
ohio education association,motion picture association pac,0
national association of social workers,motion picture association political action committee,0
gibson dunn  crutcher,motion picture association,0
national association of broadcasters inc,consumer federation of america:political action committee,0
granite construction co,international council of shopping centers,0
national association of homebuilders,international council of shopping centers inc political action committee icsc pac,0
vietnam veterans of america,nema,0
augusta chronicle,national electrical manufacturers association political action committee nema pac,0
georgia-pacific co,american psychiatric association,0
national association of social workers,american psychiatric association political action committee,0
jpmorgan chase bank na,national organization for the reform of marijuana laws political action committee,0
roadway express inc,california medical association pac calpac,0
policemen's benevolent association local 167,california medical association,0
national electrical manufacturers association,national association of social workers new york city,0
national association of broadcasters inc,national association of social workers pac,0
international union of operating engineers,"nasw, nyc pace",0
national gay and lesbian task force,nasw nyc chapter pace,0
aphilip randolph institute,nyc pac,0
standard insurance company,national association of social worker pac,0
prairie island indian community,national association of social workers,0
northwest grocery association,new york city chapter of national association of social workers,0
defenders of wildlife,nyc pace,0
american association of nurse anesthetists,calpac association of american publishers,0
pfizer inc,"association of american publishers, inc",0
jpmorgan chase bank na,association of american publishers,0
recording industry association of america,defenders of wildlife,0
national association for the advancement of colored people,american bankers assn,0
pride international inc,national association of counties,0
national association of chain drug stores,united brotherhood of carpenters,0
columbia river fishermen's protective union,national education association nea,0
jpmorgan chase bank na,national education association,0
planned parenthood federation of america inc,national education association pac,0
jpmorgan chase bank na,national education association,0
american federation of state county and municipal employees,national education assn,0
national association of insurance brokers,monsanto company,0
northwest grocery association,johnson & johnson corporate,0
petroleum marketers association of america inc,american medical assn,0
american college of emergency physicians,screen actors guild,0
jpmorgan chase bank na,american association of retired persons,0
att services inc,salt river project pac,0
san francisco aids foundation,national association of broadcaste,0
institute of scrap recycling industries,national association of broadcasters televison & radio political action committee,0
association of american publishers,national association of broadcasters pac,0
united artists theater circuit inc,national association of broadcasters,0
jpmorgan chase bank na,national association of broadcasters television & radio political action committee,0
salt river valley water users association,television & radio pac,0
cadwalader wickersham  taft,"recording industry assoc of america, inc",0
california psychiatric association,recording industry assoc of america,0
new york med college,recording industry assoc of americ,0
lumbermens association of texas,recording industry assoc of america inc,0
american civil liberties union foundation of san diego and imperial counties,american institute of certified public accountants,0
dell computer corp,general electric,0
cadwalader wickersham  taft,american public power association public ownership,0
william morris agency,american civil liberties union,0
california rifle and pistol association,american civil liberties union,0
aetna life insurance co,american civil liberties union,0
american psychiatric association,american civil liberties union,0
king  spalding,american civil liberties union,0
grocery manufacturers association,american civil liberties union,0
american federation of labor and congress of industrial organizations,american hotel & lodging associa,0
national marine manufacturers association,securities industries assoc,0
cadwalader wickersham  taft,trout unlimited bellevue-issaquah chapte,0
texas association of builders,national council jewish women austin section,0
horsemen benevolent and protective association,national assoc of mfgs suite 1500,0
american medical womens association,national association of theatre owners of canevada,0
jpmorgan chase bank na,naacp co op city branch,0
american federation of teachers,friends of the earth action pac,0
coalition of 100 black women,ei du pont de nemours & co,0
communications workers of america,edison electric institute-eei,0
eastern associated coal corp,council of state govt,0
national association of social workers,council of state government,0
national gay and lesbian task force,assoc gen contractors of america,0
jpmorgan chase bank na,american telephone & telegraph,0
jpmorgan chase bank na,americans united for separation of church & state,0
jpmorgan chase bank na,american jewish cmte,0
jpmorgan chase bank na,american jewis congress st louis region,0
jpmorgan chase bank na,american federation of tv & radio artists,0
jpmorgan chase bank na,american federation of labor & c,0
jpmorgan chase bank na,american federation of gov emp,0
motion picture association of america,"american ethicare, inc",0
international brotherhood of electrical workers,american ethicare,0
national council of jewish women,american association of university professors,0
appalachian power co,american medical womens assn,0
texas instruments inc,anti defamation league,0
national education association,anti defamation league,0
save our wild salmon,national coalition of 100 black women,0
investment company institute,family planning associates of maine,0
jpmorgan chase bank na,family planning association of me,0
united parcel service inc,family planning association of maine inc,0
national association of social workers,feminist majority foundation,0
association of american publishers,copy girls inc,0
motion picture association of america,lutherans concerned,0
jpmorgan chase bank na,national association for the advancement of colored people,0
young womens christian association of the united states of america,nba,0
national association of independent insurers,national gay & lesbian task force,0
common cause,national gay and lesbian task force inc,0
sacramento county deputy sheriffs association,national gay & lesbian task force foundation,0
jpmorgan chase bank na,national gay & lesbian task force policy institute,0
california cable television association,national institute for,0
jpmorgan chase bank na,natl organization for women,0
anheuser-busch co inc,national organization for wome,0
howard jarvis taxpayers association,national org for women,0
virginia manufacturers association,national orgfor women,0
american civil liberties union foundation of southern california,national organization for womennow,0
motion picture association of america,people for the america way foundation,0
national organization for women foundation inc,people for the american way foundation,0
jpmorgan chase bank na,people for the american way,0
jpmorgan chase bank na,planned parenthood,0
illinois beef association,"planned parenthood,",0
national association of broadcasters inc,planned parenthood federation of america,0
united auto workers,planned parent hood,0
american medical association,planned parenthood federation of america ppfa,0
coca-cola enterprises inc,southern christian leadership,0
qualcomm inc,ywca of the usa,0
amalgamated transit union,young womens christian assoc,0
american family association inc,ywca of the usa,0
jpmorgan chase bank na,ywc corporation,0
jpmorgan chase bank na,nw grocery association,0
american federation of state county and municipal employees,international unit of operating engineers,0
cvs pharmacy inc,lumbermans association of texas,0
planned parenthood federation of america inc,b f goodrich company,0
young womens christian association of the united states of america,boat people sos inc,0
national organization for women foundation inc,california association of hospitals & health systems,0
american federation of television and radio artists american federation of labor and congress of industrial organizations,eastern associated coal,0
california medical association,national assoc of insurance broker,0
anti-defamation league,knights of columbus 12055,0
american college of radiology,aetna insurance co,0
jpmorgan chase bank na,operating engineers local no 3,0
california rifle and pistol association,pfzer inc,0
jpmorgan chase bank na,"texas association of builders,",0
pfizer inc,abbott laboratories,0
lumbermens association of texas,the augusta chronicle,0
recording industry association of america,american civil liberties union aclu san diego & imperial counties,0
william morris agency,"the pepsi bottling group, inc",0
jpmorgan chase bank na,qual comm inc,0
jpmorgan chase bank na,"united artists theatre circuit, inc",0
bf goodrich company,american occupational therapy association aota,0
national association of theater owners,vietnam veterns of america,0
motion picture association of america,tunica biloxi indian tribe of louisiana,0
people for the american way fo undation,liberty mutual group inc,0
national organization for women foundation inc,columbia river fishermens protective union,0
investment company institute,granite constuction,0
young womens christian association,sacramento county deputy sheriff s assoc,0
american federation of government employees american federation of labor and congress of industrial organizations,manufacturers hanover corp,0
texas association of builders,california rifle & pistol association,0
american association of school administrators,salt river valley water users assn pic,0
planned parenthood federation of america inc,"am federation of state, county & municipal employees",0
amalgamated transit union,national stone sand & gravel association,0
american federation of state county and municipal employees,howard jarvis taxpayer assoication,0
maine education association,pifizer inc,0
manufacturers hanover trust co,"american federation of state county & municipal employees pac,",0
american college of emergency physicians,naral pro-choice oreogn,0
national association of broadcasters inc,amalga transit union,0
girls incorporated,duquesne light co,0
united artists theater circuit inc,black women organized for pol action,0
friends of the earth,public affairs cons,0
american civil liberties union of pennsylvania,campaign for tobacco free kids,0
motion picture association of america,cosmetic toiletry & fragrance assn,0
winstar communications inc,national association of independent insurance,0
national restaurant association,roadway express,0
boat people sos,appalachian power comm,0
american federation of state county and municipal employees,agua claiente band of cahuilla indians,0
american federation of state county and municipal employees,california cable telecommunications association,0
national stone sand and gravel association,at&t services inc,0
agua caliente band of cahuilla indians,standard insurance co,0
naral pro choice oregon,national council of senior cit inc,0
jpmorgan chase bank na,association of oregon faculties,0
american consulting engineers council,american federation of state county & municipal employees aflci,0
home builders association of south carolina,spirit of freedom republican women,0
anti-defamation league b'nai b'rith,dell computers corp,0
roadway express inc,winstar communications llc,0
international council of shopping centers,national resturant association,0
boat people sos,new york medical college,0
planned parenthood federation of america inc,william morris agency inc,0
national association of social workers,national marine manufacturers assoc,0
liberty mutual group,amer college of emerg physicians,0
jpmorgan chase bank na,board of trade of city of chicago,0
new york med college,service employees intnl union,0
jpmorgan chase bank na,"american federation of state county and municipal employees,",0
texas association of builders,ca psychiatric association,0
winstar communications inc,sheet metal workers international assoc pal,0
tunica-biloxi tribe of louisiana,national assn of mutual insurance companies,0
virginia manufacturers association,amalgamated transit union loca,0
jpmorgan chase bank na,the san francisco aids foundation,0
jpmorgan chase bank na,national association of chairug stores,0
national association of mutual insurance companies,reed elsevire inc,0
aetna life insurance co,petroleum marketers association of america,0
national association of chain drug stores,home builders assoc of south carolina,0
jpmorgan chase bank na,american family association,0
american ethical union,"american federation of state, county, & municipal employees scc",0
jpmorgan chase bank na,grocery manufacturers assn,0
american bankers association,united states automobile association usaa,0
jpmorgan chase bank na,shapiro haber & urmy llp,0
national association of broadcasters inc,a philip randolph inistitute,0
young womens christian association of the united states of america,gibson dunn and crutcher llp,0
national conference of firemen and oilers,alaska native health board inc,0
california medical association,american college of radiology radpac,0
consumer healthcare products association,united teachers of los angeles,0
american association of retired persons,united parcel services-pac,0
jpmorgan chase bank na,cvs pharmacy,0
national association of mutual insurance companies,anneuser busch cos inc,0
liberty mutual group,mcgraw hill companies,0
association of oregon counties,"america s health insurance plans pac,",0
reed elsevier inc,international brotherhood of electical workers,0
american federation of state county and municipal employees,bristol myers squibb comapny,0
brady center to prevent gun violence,wolf popper ross wolf & jones,0
cosmetic toiletry and fragrance association,service employees internationa,0
jpmorgan chase bank na,national association chainug sto,0
young womens christian association,california bankers assoc,0
jpmorgan chase bank na,a aleman & associates,0
jpmorgan chase bank na,california teachers assoc,0
jpmorgan chase bank na,institute scrap recycling industries inc,0
jpmorgan chase bank na,consumer healthcare products assocation,0
operating engineers union local no 3,pride international llc,0
national automatic merchandising association,"csx transporation, inc",0
planned parenthood federation of america inc,national assoc of chain drugstores inc,0
american telephone and telegraph,cadwalader wickersham & taft llp,0
jpmorgan chase bank na,natl automatic merchandising assoc,0
national conference of firemen and oilers,texas instrument,0
jpmorgan chase bank na,brady camapign to prevent gun violence,0
shapiro haber and urmy llp,nw grocery association,0
american occupational therapy association,international unit of operating engineers,0
national association of chain drug stores,lumbermans association of texas,0
agua caliente band of cahuilla indians,b f goodrich company,0
national education association,telecommunications industry assoc,0
americans united for separation of church and state,boat people sos inc,0
jpmorgan chase bank na,national assoc of insurance broker,0
jpmorgan chase bank na,knights of columbus 12055,0
knights of columbus,aetna insurance co,0
united teachers los angeles,operating engineers local no 3,0
national association of independent insurers,"texas association of builders,",0
feminist majority,abbott laboratories,0
american land title association,the augusta chronicle,0
american institute of certified public accountants,american civil liberties union aclu san diego & imperial counties,0
board of trade of the city of chicago,american civil liberties union aclu san diego & imperial counties,0
texas instruments inc,"the pepsi bottling group, inc",0
alaska native health board,qual comm inc,0
knights of columbus,"united artists theatre circuit, inc",0
jpmorgan chase bank na,american occupational therapy association aota,0
american occupational therapy association,vietnam veterns of america,0
american federation of teachers,tunica biloxi indian tribe of louisiana,0
illinois society for clinical social work,liberty mutual group inc,0
edison electric institute,columbia river fishermens protective union,0
motion picture association of america,sacramento county deputy sheriff s assoc,0
american civil liberties union of southern california,manufacturers hanover corp,0
duquesne light company,prarie island indian community,0
american psychiatric association,"coca cola enterprises inc,",0
american public power association,california rifle & pistol association,0
people for the american way fo undation,salt river valley water users assn pic,0
national organization for women foundation inc,agua caliente band of cahilla indians,0
national association of counties,"am federation of state, county & municipal employees",0
prairie island indian community,national stone sand & gravel association,0
jpmorgan chase bank na,howard jarvis taxpayer assoication,0
duquesne light company,"american federation of state county & municipal employees pac,",0
jpmorgan chase bank na,naral pro-choice oreogn,0
national organization for the reform of marijuana laws,amalga transit union,0
campaign for tobacco-free kids,virginia manufactures assoc,0
consumer federation of america,duquesne light co,0
national institute for women of color,black women organized for pol action,0
manufactured housing communities of arizona ,public affairs cons,0
american jewish congress,campaign for tobacco free kids,0
agua caliente band of cahuilla indians,cosmetic toiletry & fragrance assn,0
national gay and lesbian task force,national association of independent insurance,0
howard jarvis taxpayers association,roadway express,0
southern christian leadership conference,agua claiente band of cahuilla indians,0
massachusetts gay and lesbian political caucus,california cable telecommunications association,0
amalgamated transit union,at&t services inc,0
pepsi bottling group inc,standard insurance co,0
georgia real estate investors association inc,hoffman-la roche inc,0
reed elsevier inc,national conference of fireman & oilers,0
national education association,national council of senior cit inc,0
united electrical,american federation of state county & municipal employees aflci,0
recording industry association of america,spirit of freedom republican women,0
tunica-biloxi tribe of louisiana,dell computers corp,0
american federation of state county and municipal employees,national resturant association,0
aleman and associates,american consulting engineers coun,0
americas health insurance plans,new york medical college,0
telecommunications industry association,william morris agency inc,0
jpmorgan chase bank na,national marine manufacturers assoc,0
california association of hospitals and health systems,p a l national association of letter carriers,0
sheet metal workers international association,board of trade of city of chicago,0
sheet metal workers international association,massachusetts gay & lesbian political cmte,0
standard insurance company,"american federation of state county and municipal employees,",0
people for the american way fo undation,ca psychiatric association,0
jpmorgan chase bank na,sheet metal workers international assoc pal,0
california bankers association,national assn of mutual insurance companies,0
american society of anesthesiologists,amalgamated transit union loca,0
salt river valley water users association,the san francisco aids foundation,0
california psychiatric association,cadwalader wickershan & taft llp,0
association of oregon counties,national association of chairug stores,0
bf goodrich company,reed elsevire inc,0
california association of hospitals and health systems,brady camapign to prevent gun violence,0
jpmorgan chase bank na,nevada association of realtors,0
jpmorgan chase bank na,ohio real estate investors association,0
columbia river fishermen's protective union,omaha education association,0
american civil liberties union of san diego and imperial counties,omaha education association,0
national association of letter carriers,wa land title association,0
wolf popper ross wolf and jones,california society for clinical social work,0
pepsi bottling group inc,lv association of builders,0
public affairs council,georgia pacific corp,0
san francisco aids foundation,manufactured housing communities of arizona,0
amalgamated transit union,american federation teachers 2121,0
american ethical union,service employees international union workers,0
jpmorgan chase bank na,va society of anesthesioogists,0
national association of broadcasters inc,policemens benevolent association local 197,0
jpmorgan chase bank na,horsemens benevolent protective association,0
jpmorgan chase bank na,colorado association of nurse anesthetists,0
trout unlimited inc,american federation of teachers - cope,0
national council of senior citizens,save our salmon,0
black women organized for political action,texas association of school administrators,0
association of american publishers,communications workers of americacwa cope,0
